<div id="bodyContent" class="mw-body-content">
									<div id="siteSub" class="noprint">From Wikipedia, the free encyclopedia</div>
								<div id="contentSub"></div>
												<div id="jump-to-nav" class="mw-jump">
					Jump to:					<a href="#mw-head">navigation</a>, 					<a href="#p-search">search</a>
				</div>
				<div id="mw-content-text" lang="en" dir="ltr" class="mw-content-ltr"><div class="mw-parser-output"><p><a href="/wiki/ACM_Fellow" title="ACM Fellow">Fellows of the Association for Computing Machinery</a> (ACM).</p>
<table role="presentation" class="mbox-small plainlinks sistersitebox" style="background-color:#f9f9f9;border:1px solid #aaa;color:#000">
<tr>
<td class="mbox-image"><img alt="" src="//upload.wikimedia.org/wikipedia/en/thumb/4/4a/Commons-logo.svg/30px-Commons-logo.svg.png" width="30" height="40" class="noviewer" srcset="//upload.wikimedia.org/wikipedia/en/thumb/4/4a/Commons-logo.svg/45px-Commons-logo.svg.png 1.5x, //upload.wikimedia.org/wikipedia/en/thumb/4/4a/Commons-logo.svg/59px-Commons-logo.svg.png 2x" data-file-width="1024" data-file-height="1376" /></td>
<td class="mbox-text plainlist">Wikimedia Commons has media related to <i><b><a href="https://commons.wikimedia.org/wiki/Category:Fellows_of_the_Association_for_Computing_Machinery" class="extiw" title="commons:Category:Fellows of the Association for Computing Machinery">Fellows of the Association for Computing Machinery</a></b></i>.</td>
</tr>
</table>


<!-- 
NewPP limit report
Parsed by mw1261
Cached time: 20171021060940
Cache expiry: 1900800
Dynamic content: false
CPU time usage: 0.048 seconds
Real time usage: 0.066 seconds
Preprocessor visited node count: 91/1000000
Preprocessor generated node count: 0/1500000
Post‐expand include size: 2593/2097152 bytes
Template argument size: 588/2097152 bytes
Highest expansion depth: 9/40
Expensive parser function count: 0/500
Lua time usage: 0.006/10.000 seconds
Lua memory usage: 571 KB/50 MB
-->
<!--
Transclusion expansion time report (%,ms,calls,template)
100.00%   57.436      1 Template:Commons_cat
100.00%   57.436      1 -total
 52.14%   29.946      1 Template:Commons
 49.02%   28.156      1 Template:Sister_project
 43.97%   25.252      1 Template:Side_box
-->
</div>
<!-- Saved in parser cache with key enwiki:pcache:idhash:9876556-0!canonical and timestamp 20171021060940 and revision id 754597706
 -->
<div class="mw-category-generated" lang="en" dir="ltr"><div id="mw-pages">
<h2><span id="Pages_in_category"></span>Pages in category "Fellows of the Association for Computing Machinery"</h2>
<p>The following 200 pages are in this category, out of approximately 587 total. This list may not reflect recent changes (<a href="/wiki/Wikipedia:FAQ/Categorization#Why_might_a_category_list_not_be_up_to_date.3F" title="Wikipedia:FAQ/Categorization">learn more</a>).
</p>(previous page) (<a href="/w/index.php?title=Category:Fellows_of_the_Association_for_Computing_Machinery&amp;pagefrom=Greif%2C+Irene%0AIrene+Greif#mw-pages" title="Category:Fellows of the Association for Computing Machinery">next page</a>)<div lang="en" dir="ltr" class="mw-content-ltr"><div class="mw-category"><div class="mw-category-group"><h3>&#160;</h3>
<ul><li><a href="/wiki/List_of_Fellows_of_the_Association_for_Computing_Machinery" title="List of Fellows of the Association for Computing Machinery">List of Fellows of the Association for Computing Machinery</a></li></ul></div><div class="mw-category-group"><h3>A</h3>
<ul><li><a href="/wiki/Mart%C3%ADn_Abadi" title="Martín Abadi">Martín Abadi</a></li>
<li><a href="/wiki/Serge_Abiteboul" title="Serge Abiteboul">Serge Abiteboul</a></li>
<li><a href="/wiki/Gregory_Abowd" title="Gregory Abowd">Gregory Abowd</a></li>
<li><a href="/wiki/David_Abramson" title="David Abramson">David Abramson</a></li>
<li><a href="/wiki/Thomas_E._Anderson" title="Thomas E. Anderson">Thomas E. Anderson</a></li>
<li><a href="/wiki/Vicki_L._Hanson" title="Vicki L. Hanson">Vicki L. Hanson</a></li>
<li><a href="/wiki/Sarita_Adve" title="Sarita Adve">Sarita Adve</a></li>
<li><a href="/wiki/Anant_Agarwal" title="Anant Agarwal">Anant Agarwal</a></li>
<li><a href="/wiki/Pankaj_K._Agarwal" title="Pankaj K. Agarwal">Pankaj K. Agarwal</a></li>
<li><a href="/wiki/Rakesh_Agrawal_(computer_scientist)" title="Rakesh Agrawal (computer scientist)">Rakesh Agrawal (computer scientist)</a></li>
<li><a href="/wiki/Alfred_Aho" title="Alfred Aho">Alfred Aho</a></li>
<li><a href="/wiki/Narendra_Ahuja" title="Narendra Ahuja">Narendra Ahuja</a></li>
<li><a href="/wiki/Anastasia_Ailamaki" title="Anastasia Ailamaki">Anastasia Ailamaki</a></li>
<li><a href="/wiki/Kurt_Akeley" title="Kurt Akeley">Kurt Akeley</a></li>
<li><a href="/wiki/Frances_E._Allen" title="Frances E. Allen">Frances E. Allen</a></li>
<li><a href="/wiki/Eric_Allender" title="Eric Allender">Eric Allender</a></li>
<li><a href="/wiki/Noga_Alon" title="Noga Alon">Noga Alon</a></li>
<li><a href="/wiki/Franz_Alt_(mathematician)" title="Franz Alt (mathematician)">Franz Alt (mathematician)</a></li>
<li><a href="/wiki/Rajeev_Alur" title="Rajeev Alur">Rajeev Alur</a></li>
<li><a href="/wiki/Nancy_M._Amato" title="Nancy M. Amato">Nancy M. Amato</a></li>
<li><a href="/wiki/James_H._Anderson_(computer_scientist)" title="James H. Anderson (computer scientist)">James H. Anderson (computer scientist)</a></li>
<li><a href="/wiki/Lars_Arge" title="Lars Arge">Lars Arge</a></li>
<li><a href="/wiki/Arvind_(computer_scientist)" title="Arvind (computer scientist)">Arvind (computer scientist)</a></li>
<li><a href="/wiki/Tetsuo_Asano" title="Tetsuo Asano">Tetsuo Asano</a></li>
<li><a href="/wiki/Mikhail_Atallah" title="Mikhail Atallah">Mikhail Atallah</a></li>
<li><a href="/wiki/Hagit_Attiya" title="Hagit Attiya">Hagit Attiya</a></li></ul></div><div class="mw-category-group"><h3>B</h3>
<ul><li><a href="/wiki/%C3%96zalp_Babao%C4%9Flu" title="Özalp Babaoğlu">Özalp Babaoğlu</a></li>
<li><a href="/wiki/David_F._Bacon" title="David F. Bacon">David F. Bacon</a></li>
<li><a href="/wiki/Ronald_Baecker" title="Ronald Baecker">Ronald Baecker</a></li>
<li><a href="/wiki/Jean-Loup_Baer" title="Jean-Loup Baer">Jean-Loup Baer</a></li>
<li><a href="/wiki/Ricardo_Baeza-Yates" title="Ricardo Baeza-Yates">Ricardo Baeza-Yates</a></li>
<li><a href="/wiki/Victor_Bahl" title="Victor Bahl">Victor Bahl</a></li>
<li><a href="/wiki/Chandrajit_Bajaj" title="Chandrajit Bajaj">Chandrajit Bajaj</a></li>
<li><a href="/wiki/Ruzena_Bajcsy" title="Ruzena Bajcsy">Ruzena Bajcsy</a></li>
<li><a href="/wiki/Hari_Balakrishnan" title="Hari Balakrishnan">Hari Balakrishnan</a></li>
<li><a href="/wiki/Prith_Banerjee" title="Prith Banerjee">Prith Banerjee</a></li>
<li><a href="/wiki/Victor_Basili" title="Victor Basili">Victor Basili</a></li>
<li><a href="/wiki/Ken_Batcher" title="Ken Batcher">Ken Batcher</a></li>
<li><a href="/wiki/Gordon_Bell" title="Gordon Bell">Gordon Bell</a></li>
<li><a href="/wiki/Mihir_Bellare" title="Mihir Bellare">Mihir Bellare</a></li>
<li><a href="/wiki/Bonnie_Berger" title="Bonnie Berger">Bonnie Berger</a></li>
<li><a href="/wiki/Vijay_P._Bhatkar" title="Vijay P. Bhatkar">Vijay P. Bhatkar</a></li>
<li><a href="/wiki/Ricardo_Bianchini" title="Ricardo Bianchini">Ricardo Bianchini</a></li>
<li><a href="/wiki/Ken_Birman" title="Ken Birman">Ken Birman</a></li>
<li><a href="/wiki/Joel_S._Birnbaum" title="Joel S. Birnbaum">Joel S. Birnbaum</a></li>
<li><a href="/wiki/Dines_Bj%C3%B8rner" title="Dines Bjørner">Dines Bjørner</a></li>
<li><a href="/wiki/David_Blei" title="David Blei">David Blei</a></li>
<li><a href="/wiki/Guy_Blelloch" title="Guy Blelloch">Guy Blelloch</a></li>
<li><a href="/wiki/Avrim_Blum" title="Avrim Blum">Avrim Blum</a></li>
<li><a href="/wiki/Daniel_G._Bobrow" title="Daniel G. Bobrow">Daniel G. Bobrow</a></li>
<li><a href="/wiki/Barry_Boehm" title="Barry Boehm">Barry Boehm</a></li>
<li><a href="/wiki/David_Boggs" title="David Boggs">David Boggs</a></li>
<li><a href="/wiki/Shahid_Hussain_Bokhari" title="Shahid Hussain Bokhari">Shahid Hussain Bokhari</a></li>
<li><a href="/wiki/Dan_Boneh" title="Dan Boneh">Dan Boneh</a></li>
<li><a href="/wiki/Grady_Booch" title="Grady Booch">Grady Booch</a></li>
<li><a href="/wiki/Anita_Borg" title="Anita Borg">Anita Borg</a></li>
<li><a href="/wiki/Christine_L._Borgman" title="Christine L. Borgman">Christine L. Borgman</a></li>
<li><a href="/wiki/Lorraine_Borman" title="Lorraine Borman">Lorraine Borman</a></li>
<li><a href="/wiki/Alan_H._Borning" title="Alan H. Borning">Alan H. Borning</a></li>
<li><a href="/wiki/Allan_Borodin" title="Allan Borodin">Allan Borodin</a></li>
<li><a href="/wiki/Gaetano_Borriello" title="Gaetano Borriello">Gaetano Borriello</a></li>
<li><a href="/wiki/Stephen_R._Bourne" title="Stephen R. Bourne">Stephen R. Bourne</a></li>
<li><a href="/wiki/Richard_P._Brent" title="Richard P. Brent">Richard P. Brent</a></li>
<li><a href="/wiki/Eric_Brewer_(scientist)" title="Eric Brewer (scientist)">Eric Brewer (scientist)</a></li>
<li><a href="/wiki/Dan_Bricklin" title="Dan Bricklin">Dan Bricklin</a></li>
<li><a href="/wiki/Andrei_Broder" title="Andrei Broder">Andrei Broder</a></li>
<li><a href="/wiki/Fred_Brooks" title="Fred Brooks">Fred Brooks</a></li>
<li><a href="/wiki/Rodney_Brooks" title="Rodney Brooks">Rodney Brooks</a></li>
<li><a href="/wiki/Randal_Bryant" title="Randal Bryant">Randal Bryant</a></li>
<li><a href="/wiki/Peter_Buneman" title="Peter Buneman">Peter Buneman</a></li>
<li><a href="/wiki/Bill_Buxton" title="Bill Buxton">Bill Buxton</a></li></ul></div><div class="mw-category-group"><h3>C</h3>
<ul><li><a href="/wiki/Tracy_Camp" title="Tracy Camp">Tracy Camp</a></li>
<li><a href="/wiki/Stuart_Card" title="Stuart Card">Stuart Card</a></li>
<li><a href="/wiki/Luca_Cardelli" title="Luca Cardelli">Luca Cardelli</a></li>
<li><a href="/wiki/Loren_Carpenter" title="Loren Carpenter">Loren Carpenter</a></li>
<li><a href="/wiki/Justine_Cassell" title="Justine Cassell">Justine Cassell</a></li>
<li><a href="/wiki/Edwin_Catmull" title="Edwin Catmull">Edwin Catmull</a></li>
<li><a href="/wiki/Vint_Cerf" title="Vint Cerf">Vint Cerf</a></li>
<li><a href="/wiki/Stefano_Ceri" title="Stefano Ceri">Stefano Ceri</a></li>
<li><a href="/wiki/Donald_D._Chamberlin" title="Donald D. Chamberlin">Donald D. Chamberlin</a></li>
<li><a href="/wiki/Surajit_Chaudhuri" title="Surajit Chaudhuri">Surajit Chaudhuri</a></li>
<li><a href="/wiki/Jennifer_Tour_Chayes" title="Jennifer Tour Chayes">Jennifer Tour Chayes</a></li>
<li><a href="/wiki/Bernard_Chazelle" title="Bernard Chazelle">Bernard Chazelle</a></li>
<li><a href="/wiki/Peter_Chen" title="Peter Chen">Peter Chen</a></li>
<li><a href="/wiki/Imrich_Chlamtac" title="Imrich Chlamtac">Imrich Chlamtac</a></li>
<li><a href="/wiki/David_D._Clark" title="David D. Clark">David D. Clark</a></li>
<li><a href="/wiki/Edmund_M._Clarke" title="Edmund M. Clarke">Edmund M. Clarke</a></li>
<li><a href="/wiki/Lori_A._Clarke" title="Lori A. Clarke">Lori A. Clarke</a></li>
<li><a href="/wiki/Kenneth_L._Clarkson" title="Kenneth L. Clarkson">Kenneth L. Clarkson</a></li>
<li><a href="/wiki/Edgar_F._Codd" title="Edgar F. Codd">Edgar F. Codd</a></li>
<li><a href="/wiki/Edward_G._Coffman,_Jr." title="Edward G. Coffman, Jr.">Edward G. Coffman, Jr.</a></li>
<li><a href="/wiki/Michael_F._Cohen" title="Michael F. Cohen">Michael F. Cohen</a></li>
<li><a href="/wiki/Anne_Condon" title="Anne Condon">Anne Condon</a></li>
<li><a href="/wiki/Jason_Cong" title="Jason Cong">Jason Cong</a></li>
<li><a href="/wiki/Robert_Lee_Constable" title="Robert Lee Constable">Robert Lee Constable</a></li>
<li><a href="/wiki/Larry_Constantine" title="Larry Constantine">Larry Constantine</a></li>
<li><a href="/wiki/Perry_R._Cook" title="Perry R. Cook">Perry R. Cook</a></li>
<li><a href="/wiki/Robert_L._Cook" title="Robert L. Cook">Robert L. Cook</a></li>
<li><a href="/wiki/Stephen_Cook" title="Stephen Cook">Stephen Cook</a></li>
<li><a href="/wiki/Fernando_J._Corbat%C3%B3" title="Fernando J. Corbató">Fernando J. Corbató</a></li>
<li><a href="/wiki/Ingemar_Cox" title="Ingemar Cox">Ingemar Cox</a></li>
<li><a href="/wiki/W._Bruce_Croft" title="W. Bruce Croft">W. Bruce Croft</a></li>
<li><a href="/wiki/Jon_Crowcroft" title="Jon Crowcroft">Jon Crowcroft</a></li>
<li><a href="/wiki/David_Culler" title="David Culler">David Culler</a></li>
<li><a href="/wiki/Mary_Czerwinski" title="Mary Czerwinski">Mary Czerwinski</a></li></ul></div><div class="mw-category-group"><h3>D</h3>
<ul><li><a href="/wiki/Nell_B._Dale" title="Nell B. Dale">Nell B. Dale</a></li>
<li><a href="/wiki/Bill_Dally" title="Bill Dally">Bill Dally</a></li>
<li><a href="/wiki/Larry_S._Davis" title="Larry S. Davis">Larry S. Davis</a></li>
<li><a href="/wiki/Jeff_Dean_(computer_scientist)" title="Jeff Dean (computer scientist)">Jeff Dean (computer scientist)</a></li>
<li><a href="/wiki/Rina_Dechter" title="Rina Dechter">Rina Dechter</a></li>
<li><a href="/wiki/Thomas_A._DeFanti" title="Thomas A. DeFanti">Thomas A. DeFanti</a></li>
<li><a href="/wiki/Erik_Demaine" title="Erik Demaine">Erik Demaine</a></li>
<li><a href="/wiki/James_Demmel" title="James Demmel">James Demmel</a></li>
<li><a href="/wiki/Dorothy_E._Denning" title="Dorothy E. Denning">Dorothy E. Denning</a></li>
<li><a href="/wiki/Peter_J._Denning" title="Peter J. Denning">Peter J. Denning</a></li>
<li><a href="/wiki/Jack_Dennis" title="Jack Dennis">Jack Dennis</a></li>
<li><a href="/wiki/L._Peter_Deutsch" title="L. Peter Deutsch">L. Peter Deutsch</a></li>
<li><a href="/wiki/David_DeWitt" title="David DeWitt">David DeWitt</a></li>
<li><a href="/wiki/Inderjit_Dhillon" title="Inderjit Dhillon">Inderjit Dhillon</a></li>
<li><a href="/wiki/Thomas_G._Dietterich" title="Thomas G. Dietterich">Thomas G. Dietterich</a></li>
<li><a href="/wiki/Edsger_W._Dijkstra" title="Edsger W. Dijkstra">Edsger W. Dijkstra</a></li>
<li><a href="/wiki/David_L._Dill" title="David L. Dill">David L. Dill</a></li>
<li><a href="/wiki/David_P._Dobkin" title="David P. Dobkin">David P. Dobkin</a></li>
<li><a href="/wiki/Danny_Dolev" title="Danny Dolev">Danny Dolev</a></li>
<li><a href="/wiki/Bruce_Donald" title="Bruce Donald">Bruce Donald</a></li>
<li><a href="/wiki/Jack_Dongarra" title="Jack Dongarra">Jack Dongarra</a></li>
<li><a href="/wiki/Paul_Dourish" title="Paul Dourish">Paul Dourish</a></li>
<li><a href="/wiki/Rod_Downey" title="Rod Downey">Rod Downey</a></li>
<li><a href="/wiki/Susan_Dumais" title="Susan Dumais">Susan Dumais</a></li>
<li><a href="/wiki/Karen_Duncan" title="Karen Duncan">Karen Duncan</a></li>
<li><a href="/wiki/Cynthia_Dwork" title="Cynthia Dwork">Cynthia Dwork</a></li></ul></div><div class="mw-category-group"><h3>E</h3>
<ul><li><a href="/wiki/Carl_Ebeling" title="Carl Ebeling">Carl Ebeling</a></li>
<li><a href="/wiki/J._Presper_Eckert" title="J. Presper Eckert">J. Presper Eckert</a></li>
<li><a href="/wiki/Susan_J._Eggers" title="Susan J. Eggers">Susan J. Eggers</a></li>
<li><a href="/wiki/Peter_Elias" title="Peter Elias">Peter Elias</a></li>
<li><a href="/wiki/Faith_Ellen" title="Faith Ellen">Faith Ellen</a></li>
<li><a href="/wiki/Carla_Ellis" title="Carla Ellis">Carla Ellis</a></li>
<li><a href="/wiki/Clarence_Ellis_(computer_scientist)" title="Clarence Ellis (computer scientist)">Clarence Ellis (computer scientist)</a></li>
<li><a href="/wiki/Joel_Emer" title="Joel Emer">Joel Emer</a></li>
<li><a href="/wiki/Jos%C3%A9_Luis_Encarna%C3%A7%C3%A3o" title="José Luis Encarnação">José Luis Encarnação</a></li>
<li><a href="/wiki/Erwin_Engeler" title="Erwin Engeler">Erwin Engeler</a></li>
<li><a href="/wiki/David_Eppstein" title="David Eppstein">David Eppstein</a></li>
<li><a href="/wiki/Deborah_Estrin" title="Deborah Estrin">Deborah Estrin</a></li></ul></div><div class="mw-category-group"><h3>F</h3>
<ul><li><a href="/wiki/Ronald_Fagin" title="Ronald Fagin">Ronald Fagin</a></li>
<li><a href="/wiki/Christos_Faloutsos" title="Christos Faloutsos">Christos Faloutsos</a></li>
<li><a href="/wiki/Wenfei_Fan" title="Wenfei Fan">Wenfei Fan</a></li>
<li><a href="/wiki/David_J._Farber" title="David J. Farber">David J. Farber</a></li>
<li><a href="/wiki/Richard_Fateman" title="Richard Fateman">Richard Fateman</a></li>
<li><a href="/wiki/Edward_Feigenbaum" title="Edward Feigenbaum">Edward Feigenbaum</a></li>
<li><a href="/wiki/Joan_Feigenbaum" title="Joan Feigenbaum">Joan Feigenbaum</a></li>
<li><a href="/wiki/Stuart_Feldman" title="Stuart Feldman">Stuart Feldman</a></li>
<li><a href="/wiki/Matthias_Felleisen" title="Matthias Felleisen">Matthias Felleisen</a></li>
<li><a href="/wiki/Edward_Felten" title="Edward Felten">Edward Felten</a></li>
<li><a href="/wiki/Jeanne_Ferrante" title="Jeanne Ferrante">Jeanne Ferrante</a></li>
<li><a href="/wiki/Gerhard_Fischer_(professor)" title="Gerhard Fischer (professor)">Gerhard Fischer (professor)</a></li>
<li><a href="/wiki/Michael_J._Fischer" title="Michael J. Fischer">Michael J. Fischer</a></li>
<li><a href="/wiki/Kathleen_Fisher" title="Kathleen Fisher">Kathleen Fisher</a></li>
<li><a href="/wiki/Robert_W._Floyd" title="Robert W. Floyd">Robert W. Floyd</a></li>
<li><a href="/wiki/Sally_Floyd" title="Sally Floyd">Sally Floyd</a></li>
<li><a href="/wiki/James_D._Foley" title="James D. Foley">James D. Foley</a></li>
<li><a href="/wiki/David_Forsyth_(computer_scientist)" title="David Forsyth (computer scientist)">David Forsyth (computer scientist)</a></li>
<li><a href="/wiki/Lance_Fortnow" title="Lance Fortnow">Lance Fortnow</a></li>
<li><a href="/wiki/Ian_Foster" title="Ian Foster">Ian Foster</a></li>
<li><a href="/wiki/Geoffrey_C._Fox" title="Geoffrey C. Fox">Geoffrey C. Fox</a></li>
<li><a href="/wiki/Michael_J._Franklin" title="Michael J. Franklin">Michael J. Franklin</a></li>
<li><a href="/wiki/Bob_Frankston" title="Bob Frankston">Bob Frankston</a></li>
<li><a href="/wiki/Michael_Franz" title="Michael Franz">Michael Franz</a></li>
<li><a href="/wiki/Herbert_Freeman" title="Herbert Freeman">Herbert Freeman</a></li>
<li><a href="/wiki/Peter_A._Freeman" title="Peter A. Freeman">Peter A. Freeman</a></li>
<li><a href="/wiki/Juliana_Freire" title="Juliana Freire">Juliana Freire</a></li>
<li><a href="/wiki/Henry_Fuchs" title="Henry Fuchs">Henry Fuchs</a></li>
<li><a href="/wiki/W._Kent_Fuchs" title="W. Kent Fuchs">W. Kent Fuchs</a></li></ul></div><div class="mw-category-group"><h3>G</h3>
<ul><li><a href="/wiki/Richard_P._Gabriel" title="Richard P. Gabriel">Richard P. Gabriel</a></li>
<li><a href="/wiki/Zvi_Galil" title="Zvi Galil">Zvi Galil</a></li>
<li><a href="/wiki/Bernard_Galler" title="Bernard Galler">Bernard Galler</a></li>
<li><a href="/wiki/John_D._Gannon" title="John D. Gannon">John D. Gannon</a></li>
<li><a href="/wiki/Guang_Gao" title="Guang Gao">Guang Gao</a></li>
<li><a href="/wiki/H%C3%A9ctor_Garc%C3%ADa-Molina" title="Héctor García-Molina">Héctor García-Molina</a></li>
<li><a href="/wiki/Michael_Garey" title="Michael Garey">Michael Garey</a></li>
<li><a href="/wiki/Simson_Garfinkel" title="Simson Garfinkel">Simson Garfinkel</a></li>
<li><a href="/wiki/Erol_Gelenbe" title="Erol Gelenbe">Erol Gelenbe</a></li>
<li><a href="/wiki/Charles_Geschke" title="Charles Geschke">Charles Geschke</a></li>
<li><a href="/wiki/Carlo_Ghezzi" title="Carlo Ghezzi">Carlo Ghezzi</a></li>
<li><a href="/wiki/Lee_Giles" title="Lee Giles">Lee Giles</a></li>
<li><a href="/wiki/Adele_Goldberg_(computer_scientist)" title="Adele Goldberg (computer scientist)">Adele Goldberg (computer scientist)</a></li>
<li><a href="/wiki/Andrew_V._Goldberg" title="Andrew V. Goldberg">Andrew V. Goldberg</a></li>
<li><a href="/wiki/James_R._Goodman" title="James R. Goodman">James R. Goodman</a></li>
<li><a href="/wiki/Michael_T._Goodrich" title="Michael T. Goodrich">Michael T. Goodrich</a></li>
<li><a href="/wiki/James_Gosling" title="James Gosling">James Gosling</a></li>
<li><a href="/wiki/Calvin_Gotlieb" title="Calvin Gotlieb">Calvin Gotlieb</a></li>
<li><a href="/wiki/Georg_Gottlob" title="Georg Gottlob">Georg Gottlob</a></li>
<li><a href="/wiki/Ramesh_Govindan" title="Ramesh Govindan">Ramesh Govindan</a></li>
<li><a href="/wiki/Venu_Govindaraju" title="Venu Govindaraju">Venu Govindaraju</a></li>
<li><a href="/wiki/Robert_M._Graham" title="Robert M. Graham">Robert M. Graham</a></li>
<li><a href="/wiki/Ronald_Graham" title="Ronald Graham">Ronald Graham</a></li>
<li><a href="/wiki/Susan_L._Graham" title="Susan L. Graham">Susan L. Graham</a></li>
<li><a href="/wiki/Jim_Gray_(computer_scientist)" title="Jim Gray (computer scientist)">Jim Gray (computer scientist)</a></li>
<li><a href="/wiki/Albert_Greenberg" title="Albert Greenberg">Albert Greenberg</a></li>
<li><a href="/wiki/Donald_P._Greenberg" title="Donald P. Greenberg">Donald P. Greenberg</a></li></ul></div></div></div>(previous page) (<a href="/w/index.php?title=Category:Fellows_of_the_Association_for_Computing_Machinery&amp;pagefrom=Greif%2C+Irene%0AIrene+Greif#mw-pages" title="Category:Fellows of the Association for Computing Machinery">next page</a>)
</div></div><noscript><img src="//en.wikipedia.org/wiki/Special:CentralAutoLogin/start?type=1x1" alt="" title="" width="1" height="1" style="border: none; position: absolute;" /></noscript></div>					<div class="printfooter">
						Retrieved from "<a dir="ltr" href="https://en.wikipedia.org/w/index.php?title=Category:Fellows_of_the_Association_for_Computing_Machinery&amp;oldid=754597706">https://en.wikipedia.org/w/index.php?title=Category:Fellows_of_the_Association_for_Computing_Machinery&amp;oldid=754597706</a>"					</div>
				<div id="catlinks" class="catlinks" data-mw="interface"><div id="mw-normal-catlinks" class="mw-normal-catlinks"><a href="/wiki/Help:Category" title="Help:Category">Categories</a>: <ul><li><a href="/wiki/Category:Association_for_Computing_Machinery" title="Category:Association for Computing Machinery">Association for Computing Machinery</a></li><li><a href="/wiki/Category:Computer_scientists" title="Category:Computer scientists">Computer scientists</a></li><li><a href="/wiki/Category:Fellows_of_learned_societies" title="Category:Fellows of learned societies">Fellows of learned societies</a></li></ul></div></div>				<div class="visualClear"></div>
							</div>
		</div>
		<div id="mw-navigation">